ID,Name,Postcode
1,Aberfoyle Park,5159
2,Abminga Station,5440
3,Adelaide,5000
4,Adelaide Airport,5950
5,Agery,5558
6,Alawoona,5311
7,Albert Park,5014
8,Alberton,5014
9,Aldgate,5154
10,Aldinga,5173
11,Aldinga Beach,5173
12,Alford,5555
13,Allandale Station,5723
14,Allenby Gardens,5009
15,Allendale East,5291
16,Allendale North,5373
17,Alma,5401
18,Alpana,5730
19,Altona,5351
20,Amata,873
21,American Beach,5222
22,American River,5221
23,Anama,5464
24,Anangu Pitjantjatjara Yankunytjatjara,872
25,Andamooka,5722
26,Andrews,5454
27,Andrews Farm,5114
28,Angas Plains,5255
29,Angas Valley,5238
30,Angaston,5353
31,Angle Park,5010
32,Angle Vale,5117
33,Angorigina,5730
34,Anna Creek,5723
35,Annadale,5356
36,Antechamber Bay,5222
37,Apamurra,5237
38,Appila,5480
39,Apy,883
40,Arckaringa,5723
41,Arcoona,5720
42,Ardrossan,5571
43,Arkaroola,5732
44,Armagh,5453
45,Arno Bay,5603
46,Arthurton,5572
47,Ascot Park,5043
48,Ashbourne,5157
49,Ashford,5035
50,Ashton,5137
51,Ashville,5259
52,Athelstone,5076
53,Athol Park,5012
54,Auburn,5451
55,Auldana,5072
56,Australia Plains,5374
57,Avenue Range,5273
58,Avon,5501
59,Ayers Range South,5724
60,Back Valley,5211
61,Bagot Well,5373
62,Baird Bay,5671
63,Bakara Well,5354
64,Balaklava,5461
65,Bald Hills,5203
66,Baldina,5417
67,Balgowan,5573
68,Balhannah,5242
69,Bangham,5268
70,Bangor,5481
71,Banksia Park,5091
72,Barabba,5460
73,Baratta,5432
74,Barinia,5453
75,Barmera,5345
76,Barna,5641
77,Barndioota,5434
78,Baroota,5495
79,Barossa Goldfields,5351
80,Barunga Gap,5520
81,Basket Range,5138
82,Baudin Beach,5222
83,Bay Of Shoals,5223
84,Beachport,5280
85,Beaufort,5550
86,Beaumont,5066
87,Bedford Park,5042
88,Beetaloo Valley,5523
89,Belair,5052
90,Belalie East,5491
91,Belalie North,5491
92,Bellevue Heights,5050
93,Beltana,5730
94,Belton,5432
95,Belvidere,5255
96,Benbournie,5453
97,Berri,5342
98,Bethany,5352
99,Bethel,5373
100,Beulah Park,5067
101,Beverley,5009
102,Bibaringa,5118
103,Biggs Flat,5153
104,Billa Kalina,5720
105,Billiatt,5311
106,Bindarrah,5440
107,Binnum,5262
108,Birchmore,5223
109,Birdwood,5234
110,Birkenhead,5015
111,Black Forest,5035
112,Black Hill,5353
113,Black Point,5571
114,Black Rock,5431
115,Black Springs,5413
116,Blackfellows Caves,5291
117,Blackfellows Creek,5201
118,Blackwood,5051
119,Blair Athol,5084
120,Blakeview,5114
121,Blakiston,5250
122,Blanche Harbor,5700
123,Blanchetown,5357
124,Bletchley,5255
125,Blewitt Springs,5171
126,Blinman,5730
127,Blyth,5462
128,Boconnoc Park,5453
129,Bolivar,5110
130,Bollards Lagoon,5731
131,Bolto,5238
132,Bon Bon,5719
133,Booborowie,5417
134,Bookabie,5690
135,Bookpurnong,5333
136,Bool Lagoon,5271
137,Booleroo Centre,5482
138,Boors Plain,5554
139,Bordertown,5268
140,Bordertown South,5268
141,Borrika,5309
142,Boston,5607
143,Bowden,5007
144,Bower,5374
145,Bowhill,5238
146,Bowmans,5550
147,Bradbury,5153
148,Brady Creek,5381
149,Brahma Lodge,5109
150,Bramfield,5670
151,Bray,5276
152,Brentwood,5575
153,Bridgewater,5155
154,Brighton,5048
155,Brimbago,5267
156,Brinkley,5253
157,Brinkworth,5464
158,Broadview,5083
159,Broadwood,5083
160,Brompton,5007
161,Brooker,5607
162,Brooklyn Park,5032
163,Broughton River Valley,5454
164,Brown Hill Creek,5062
165,Brownlow,5374
166,Bruce,5433
167,Brukunga,5252
168,Buchanan,5374
169,Buchfelde,5118
170,Buckland Park,5120
171,Buckleboo,5641
172,Bugle Ranges,5251
173,Bulgunnia,5719
174,Bull Creek,5157
175,Bulloo Creek,5440
176,Bumbunga,5520
177,Bundaleer North,5491
178,Bundey,5320
179,Bungama,5540
180,Bungaree,5464
181,Burdett,5253
182,Burnside,5066
183,Burr Well,5732
184,Burra,5417
185,Burra Eastern Districts,5417
186,Burrungule,5291
187,Burton,5110
188,Bute,5560
189,Butler,5605
190,Cadell,5321
191,Cadgee,5271
192,Calca,5671
193,Caliph,5310
194,Callanna,5733
195,Callington,5254
196,Calomba,5501
197,Caloote,5254
198,Calperum Station,5341
199,Caltowie,5490
200,Caltowie West,5490
201,Cambrai,5353
202,Camden Park,5038
203,Campbelltown,5074
204,Campoona,5640
205,Canegrass,5417
206,Cannawigara,5268
207,Canunda,5280
208,Cape Borda,5223
209,Cape Jervis,5204
210,Carawa,5680
211,Carcuma,5301
212,Carew,5270
213,Carey Gully,5144
214,Caroline,5291
215,Carpenter Rocks,5291
216,Carrickalinga,5204
217,Carrieton,5432
218,Carriewerloo,5715
219,Cassini,5223
220,Castambul,5076
221,Caurnamont,5238
222,Cavan,5094
223,Cavenagh,5422
224,Caveton,5291
225,Ceduna,5690
226,Chaffey,5341
227,Chain Of Ponds,5231
228,Chandada,5680
229,Chandlers Hill,5159
230,Chapel Hill,5153
231,Chapman Bore,5253
232,Charleston,5244
233,Charra,5690
234,Cheltenham,5014
235,Cherry Gardens,5157
236,Cherryville,5134
237,Chilpenunda,5660
238,Chinbingina,5680
239,Chiton,5211
240,Chowilla,5341
241,Christie Beach,5165
242,Christie Downs,5164
243,Christies Beach,5165
244,Clapham,5062
245,Clare,5453
246,Clarence Gardens,5039
247,Clarence Park,5034
248,Clarendon,5157
249,Clay Wells,5280
250,Claypans,5238
251,Clayton Bay,5256
252,Clearview,5085
253,Cleland,5152
254,Clements Gap,5523
255,Cleve,5640
256,Clifton Hills Station,5733
257,Clinton,5570
258,Clovelly Park,5042
259,Cobdogla,5346
260,Cockaleechie,5631
261,Cockatoo Valley,5351
262,Cockburn,5440
263,Coffin Bay,5607
264,Colebatch,5266
265,Coles,5272
266,College Park,5069
267,Colley,5671
268,Collinsfield,5555
269,Collinsville,5418
270,Collinswood,5081
271,Colonel Light Gardens,5041
272,Colton,5670
273,Commissariat Point,5700
274,Commonwealth Hill,5719
275,Compton,5291
276,Concordia,5118
277,Condowie,5464
278,Conmurra,5272
279,Coober Pedy,5723
280,Coobowie,5583
281,Cook,5710
282,Cooke Plains,5261
283,Cooltong,5341
284,Coomandook,5261
285,Coombe,5267
286,Coomooroo,5431
287,Coomunga,5607
288,Coonalpyn,5265
289,Coonamia,5540
290,Coonawarra,5263
291,Coondambo,5719
292,Coorabie,5690
293,Coorong,5264
294,Cootra,5650
295,Copeville,5308
296,Copley,5732
297,Cordillo Downs,5731
298,Corny Point,5575
299,Coromandel East,5157
300,Coromandel Valley,5051
301,Cortlinye,5641
302,Corunna Station,5600
303,Coulta,5607
304,Cowandilla,5033
305,Cowarie,5733
306,Cowell,5602
307,Cowirra,5238
308,Cradock,5432
309,Crafers,5152
310,Crafers West,5152
311,Craigburn Farm,5051
312,Craigmore,5114
313,Crescent,5341
314,Cromer,5235
315,Cross Roads,5558
316,Croydon,5008
317,Croydon Park,5008
318,Crystal Brook,5523
319,Cudlee Creek,5232
320,Culburra,5261
321,Cultana,5600
322,Cumberland Park,5041
323,Cummins,5631
324,Cungena,5660
325,Cunliffe,5554
326,Cunningham,5571
327,Curnamona,5440
328,Curramulka,5580
329,Currency Creek,5214
330,Custon,5269
331,Cuttlefish Bay,5222
332,Cygnet River,5223
333,Dalkey,5461
334,Darke Peak,5642
335,Darlington,5047
336,Davenport,5700
337,Daveyston,5355
338,Davoren Park,5113
339,Daw Park,5041
340,Dawesley,5252
341,Dawson,5422
342,De Rose Hill,5999
343,Deep Creek,5204
344,Deepwater,5266
345,Delamere,5204
346,Denial Bay,5690
347,Dernancourt,5075
348,D'Estrees Bay,5223
349,Devlins Pound,5330
350,Devon Park,5008
351,Dingabledinga,5172
352,Direk,5110
353,Dismal Swamp,5291
354,Donovans,5291
355,Dorset Vale,5157
356,Douglas Point,5601
357,Dover Gardens,5048
358,Dowlingville,5555
359,Dry Creek,5094
360,Dublin,5501
361,Duck Ponds,5607
362,Dudley East,5222
363,Dudley Park,5008
364,Dudley West,5222
365,Dulkaninna,5733
366,Dulwich,5065
367,Duncan,5223
368,Dutton,5356
369,Dutton East,5356
370,East Moonta,5558
371,Eastwood,5063
372,Eba,5320
373,Ebenezer,5355
374,Echunga,5153
375,Eden Hills,5050
376,Eden Valley,5235
377,Edillilie,5630
378,Edinburgh,5111
379,Edinburgh North,5113
380,Edithburgh,5583
381,Edwardstown,5039
382,Eight Mile Creek,5291
383,Elizabeth,5112
384,Elizabeth Downs,5113
385,Elizabeth East,5112
386,Elizabeth Grove,5112
387,Elizabeth North,5113
388,Elizabeth Park,5113
389,Elizabeth South,5112
390,Elizabeth Vale,5112
391,Elizabeth West,5113
392,Elliston,5670
393,Ellizabeth Vale,5112
394,Elwomple,5260
395,Emu Bay,5223
396,Emu Downs,5381
397,Emu Flat,5453
398,Encounter Bay,5211
399,Enfield,5085
400,Erindale,5066
401,Eringa,5734
402,Erith,5461
403,Etadunna,5733
404,Ethelton,5015
405,Ettrick,5253
406,Eudunda,5374
407,Eurelia,5431
408,Euromina,5454
409,Evandale,5069
410,Evanston,5116
411,Evanston Gardens,5116
412,Evanston Park,5116
413,Evanston South,5116
414,Evarard Park,5035
415,Evelyn Downs,5723
416,Everard Central,5461
417,Everard Park,5035
418,Exeter,5019
419,Eyre,5121
420,Fairview Park,5126
421,Farina Station,5733
422,Farm Beach,5607
423,Farrell Flat,5416
424,Felixstow,5070
425,Ferryden Park,5010
426,Field,5265
427,Findon,5023
428,Finniss,5255
429,Firle,5070
430,Fischer,5502
431,Fisher,5354
432,Fisherman Bay,5522
433,Fitzgerald Bay,5601
434,Fitzroy,5082
435,Flagstaff Hill,5159
436,Flaxley,5153
437,Flaxman Valley,5235
438,Flinders Chase,5223
439,Flinders Park,5025
440,Flinders Ranges,5434
441,Florina Station,5440
442,Fords,5373
443,Forest Range,5139
444,Forestville,5035
445,Forreston,5233
446,Foul Bay,5577
447,Fountain,5607
448,Fowlers Bay,5690
449,Fox,5272
450,Frances,5262
451,Frankton,5374
452,Freeling,5372
453,Frewville,5063
454,Fulham,5024
455,Fulham Gardens,5024
456,Fullarton,5063
457,Furner,5280
458,Galga,5308
459,Gammon Ranges,5732
460,Garden Island,5960
461,Gawler,5118
462,Gawler Belt,5118
463,Gawler East,5118
464,Gawler Ranges,5655
465,Gawler River,5118
466,Gawler South,5118
467,Gawler West,5118
468,Gemmells,5255
469,Georgetown,5472
470,Gepps Cross,5094
471,Geranium,5301
472,Geranium Plains,5381
473,Gerard,5343
474,German Creek,5291
475,German Flat,5280
476,Germein Bay,5495
477,Gidgealpa,5731
478,Gifford Hill,5253
479,Gilberton,5081
480,Giles Corner,5411
481,Gillentown,5453
482,Gilles Downs,5600
483,Gilles Plains,5086
484,Gillman,5013
485,Gladstone,5473
486,Glandore,5037
487,Glanville,5015
488,Glen Osmond,5064
489,Glenalta,5052
490,Glenburnie,5291
491,Glencoe,5291
492,Glendambo,5710
493,Glenelg,5045
494,Glenelg East,5045
495,Glenelg North,5045
496,Glenelg South,5045
497,Glengowrie,5044
498,Glenroy,5277
499,Glenside,5065
500,Glenunga,5064
501,Globe Derby Park,5110
502,Glossop,5344
503,Glynde,5070
504,Golden Grove,5125
505,Golden Heights,5322
506,Gomersal,5352
507,Good Hope Landing,5330
508,Goodwood,5034
509,Goolwa,5214
510,Goolwa Beach,5214
511,Goolwa North,5214
512,Goolwa South,5214
513,Gosse,5223
514,Gould Creek,5114
515,Grace Plains,5502
516,Grange,5022
517,Green Fields,5107
518,Green Hills Range,5153
519,Green Patch,5607
520,Greenacres,5086
521,Greenhill,5140
522,Greenock,5360
523,Greenways,5272
524,Greenwith,5125
525,Gulfview Heights,5096
526,Gulnare,5471
527,Gumeracha,5233
528,Gurra Gurra,5343
529,Hackham,5163
530,Hackham West,5163
531,Hackney,5069
532,Hahndorf,5245
533,Haines,5223
534,Halbury,5461
535,Halidon,5309
536,Hallelujah Hills,5381
537,Hallett,5419
538,Hallett Cove,5158
539,Hamilton,5373
540,Hamley Bridge,5401
541,Hammond,5431
542,Hampden,5374
543,Hampstead Gardens,5086
544,Hansborough,5374
545,Hanson,5417
546,Happy Valley,5159
547,Hardwicke Bay,5575
548,Harrogate,5244
549,Hart,5464
550,Hartley,5255
551,Haslam,5680
552,Hatherleigh,5280
553,Hawker,5434
554,Hawson,5607
555,Hawthorn,5062
556,Hawthorndene,5051
557,Hay Flat,5204
558,Hay Valley,5252
559,Hayborough,5211
560,Hazelwood Park,5066
561,Heathfield,5153
562,Heathpool,5068
563,Hectorville,5073
564,Hendon,5014
565,Henley Beach,5022
566,Henley Beach South,5022
567,Hewett,5118
568,Highbury,5089
569,Highgate,5062
570,Highland Valley,5255
571,Hill River,5453
572,Hillbank,5112
573,Hillcrest,5086
574,Hillier,5116
575,Hilltown,5455
576,Hiltaba,5717
577,Hilton,5033
578,Hindmarsh,5007
579,Hindmarsh Island,5214
580,Hindmarsh Tiers,5202
581,Hindmarsh Valley,5211
582,Hinks,5603
583,Holden Hill,5088
584,Holder,5330
585,Holder Siding,5330
586,Holowiliena,5432
587,Holowiliena South,5432
588,Honiton,5576
589,Hope Forest,5172
590,Hope Gap,5555
591,Hope Valley,5090
592,Horsnell Gully,5141
593,Hoskin Corner,5461
594,Houghton,5131
595,Hove,5048
596,Hoyleton,5453
597,Huddleston,5523
598,Humbug Scrub,5114
599,Huntfield Heights,5163
600,Hyde Park,5061
601,Hynam,5262
602,Ingle Farm,5098
603,Inglewood,5133
604,Ingomar,5723
605,Inkerman,5550
606,Inman Valley,5211
607,Innamincka,5731
608,Inneston,5577
609,Iron Knob,5601
610,Ironbank,5153
611,Ironstone,5222
612,Iwantja,872
613,Jabuk,5301
614,Jamestown,5491
615,Jericho,5554
616,Jerusalem,5554
617,Jervois,5259
618,Joanna,5271
619,Joslin,5070
620,Julia,5374
621,Jupiter Creek,5153
622,Kadina,5554
623,Kainton,5552
624,Kalangadoo,5278
625,Kalbeeba,5118
626,Kaldoonera,5655
627,Kallora,5550
628,Kaltjiti,872
629,Kangarilla,5157
630,Kangaroo Flat,5118
631,Kangaroo Head,5222
632,Kangaroo Inn,5280
633,Kanmantoo,5252
634,Kanni,5330
635,Kanpi,872
636,Kanyaka,5434
637,Kapinnie,5632
638,Kapunda,5373
639,Karatta,5223
640,Karcultaby,5654
641,Karkoo,5632
642,Karoonda,5307
643,Karralta Park,5037
644,Karte,5307
645,Katunga Station,5600
646,Keilira,5275
647,Keith,5267
648,Kellidie Bay,5607
649,Kelly,5641
650,Kensington,5068
651,Kensington Gardens,5068
652,Kensington Park,5068
653,Kent Town,5067
654,Kenton Valley,5233
655,Kepa,5259
656,Keppoch,5271
657,Kersbrook,5231
658,Keswick,5035
659,Keswick Terminal,5035
660,Keyneton,5353
661,Ki Ki,5261
662,Kiana,5607
663,Kidman Park,5025
664,Kielpa,5642
665,Kilburn,5084
666,Kilkenny,5009
667,Kimba,5641
668,Kingoonya,5719
669,Kings Park,5034
670,Kingscote,5223
671,Kingsford,5118
672,Kingston On Murray,5331
673,Kingston Park,5049
674,Kingston Se,5275
675,Kingston-On-Murray,5331
676,Kingswood,5062
677,Klemzig,5087
678,Kohinoor,5223
679,Kolendo,5717
680,Kondoolka,5717
681,Kongal,5270
682,Kongorong,5291
683,Koolunga,5464
684,Koolywurtie,5575
685,Koonamore,5440
686,Koongawa,5650
687,Koonibba,5690
688,Koonoona,5417
689,Koonunga,5373
690,Koorine,5279
691,Kootaberra,5713
692,Koppamurra,5271
693,Koppio,5607
694,Korunye,5502
695,Krondorf,5352
696,Kudla,5115
697,Kuitpo,5172
698,Kuitpo Colony,5172
699,Kulpara,5555
700,Kurralta Park,5037
701,Kyancutta,5651
702,Kybunga,5453
703,Kybybolite,5262
704,Kyeema,5172
705,Laffer,5267
706,Lake Gilles,5600
707,Lake Plains,5255
708,Lameroo,5302
709,Langhorne Creek,5255
710,Largs Bay,5016
711,Largs North,5016
712,Laura,5480
713,Laura Bay,5680
714,Laurie Park,5271
715,Leabrook,5068
716,Leasingham,5452
717,Leawood Gardens,5150
718,Leigh Creek,5731
719,Leighton,5417
720,Lenswood,5240
721,Lewiston,5501
722,Light Pass,5355
723,Lightsview,5085
724,Lincoln Gap,5715
725,Lincoln National Park,5607
726,Linden Park,5065
727,Lindley,5320
728,Lindon,5731
729,Linwood,5410
730,Lipson,5607
731,Little Douglas,5607
732,Littlehampton,5250
733,Lobethal,5241
734,Lochaber,5271
735,Lochiel,5510
736,Lock,5633
737,Lockleys,5032
738,Long Flat,5253
739,Long Plains,5501
740,Longwood,5153
741,Lonsdale,5160
742,Louth Bay,5607
743,Loveday,5345
744,Lowan Vale,5268
745,Lowbank,5330
746,Lower Broughton,5540
747,Lower Hermitage,5131
748,Lower Inman Valley,5211
749,Lower Light,5501
750,Lower Mitcham,5062
751,Loxton,5333
752,Loxton North,5333
753,Lucindale,5272
754,Lyndhurst,5731
755,Lyndoch,5351
756,Lynton,5062
757,Lyrup,5343
758,Maaoupe,5277
759,Macclesfield,5153
760,Macdonald Park,5121
761,Macgillivray,5223
762,Magarey,5280
763,Magdala,5400
764,Magdalla,5401
765,Maggea,5311
766,Magill,5072
767,Maitland,5573
768,Makin,5267
769,Mallala,5502
770,Maltee,5690
771,Malvern,5061
772,Mambray Creek,5495
773,Mangalo,5602
774,Manna Hill,5440
775,Mannanarie,5422
776,Manningham,5086
777,Mannum,5238
778,Manoora,5414
779,Mansfield Park,5012
780,Mantung,5308
781,Marama,5307
782,Marananga,5355
783,Marble Hill,5137
784,Marcollat,5271
785,Marden,5070
786,Marino,5049
787,Marion,5043
788,Marion Bay,5575
789,Markaranka,5330
790,Marla,5724
791,Marleston,5033
792,Marrabel,5413
793,Marree,5733
794,Marree Station,5733
795,Marryatville,5068
796,Maslin Beach,5170
797,Matta Flat,5554
798,Maude,5320
799,Mawson Lakes,5095
800,Maylands,5069
801,Mccallum,5267
802,Mccracken,5211
803,Mcdouall Peak,5723
804,Mcharg Creek,5157
805,Mclaren Flat,5171
806,Mclaren Vale,5171
807,Meadows,5201
808,Medindie,5081
809,Medindie Gardens,5081
810,Medinidie,5081
811,Melrose,5483
812,Melrose Park,5039
813,Melton,5552
814,Melton Station,5440
815,Meningie,5264
816,Meningie East,5264
817,Meningie West,5264
818,Menzies,5223
819,Mercunda,5308
820,Merghiny,5690
821,Meribah,5311
822,Merriton,5523
823,Merty Merty,5731
824,Middle Beach,5501
825,Middle River,5223
826,Middleback Range,5600
827,Middleton,5213
828,Midgee,5602
829,Milang,5256
830,Mile End,5031
831,Mile End South,5031
832,Millbrook,5231
833,Mil-Lel,5291
834,Millicent,5280
835,Millswood,5034
836,Miltalie,5602
837,Mimili,872
838,Minbrie,5602
839,Mindarie,5309
840,Mingary,5440
841,Mingbool,5291
842,Minlaton,5575
843,Minnipa,5654
844,Mintaro,5415
845,Miranda,5700
846,Mitcham,5062
847,Mitchell,5362
848,Mitchell Park,5043
849,Mitchellville,5602
850,Moana,5169
851,Moculta,5353
852,Modbury,5092
853,Modbury Heights,5092
854,Modbury North,5092
855,Monarto,5254
856,Monarto South,5254
857,Monash,5342
858,Monbulla,5277
859,Montacute,5134
860,Montarra,5172
861,Monteith,5254
862,Moockra,5432
863,Moody,5607
864,Moolawatana,5732
865,Moolooloo,5730
866,Moonta,5558
867,Moonta Bay,5558
868,Moonta Mines,5558
869,Moorak,5291
870,Moorlands,5301
871,Moorook,5332
872,Moorook South,5332
873,Moppa,5355
874,Morchard,5431
875,Morgan,5320
876,Morn Hill,5401
877,Morphett Vale,5162
878,Morphettville,5043
879,Mortana,5671
880,Moseley,5641
881,Mosquito Hill,5214
882,Motpena,5730
883,Mount Barker,5251
884,Mount Barker Junction,5251
885,Mount Barker Springs,5251
886,Mount Barker Summit,5251
887,Mount Barry,5723
888,Mount Benson,5275
889,Mount Bryan,5418
890,Mount Bryan East,5419
891,Mount Burr,5279
892,Mount Charles,5267
893,Mount Compass,5210
894,Mount Cooper,5671
895,Mount Crawford,5351
896,Mount Drummond,5607
897,Mount Eba,5720
898,Mount Falkland,5730
899,Mount Gambier,5290
900,Mount George,5144
901,Mount Hope,5607
902,Mount Ive,5717
903,Mount Jagged,5211
904,Mount Light,5271
905,Mount Lyndhurst,5731
906,Mount Magnificent,5210
907,Mount Mary,5374
908,Mount Mcintyre,5279
909,Mount Mckenzie,5353
910,Mount Observation,5255
911,Mount Osmond,5064
912,Mount Pleasant,5235
913,Mount Sarah,5734
914,Mount Schank,5291
915,Mount Templeton,5461
916,Mount Torrens,5244
917,Mount Wedge,5670
918,Mount Willoughby,5723
919,Moyhall,5271
920,Mudamuckla,5680
921,Mulgundawa,5255
922,Mulka,5733
923,Mullaquana,5601
924,Muloorina,5733
925,Mulyungarie,5440
926,Mundoora,5555
927,Mundowdna,5733
928,Mundulla,5270
929,Mundulla West,5270
930,Mungeranie,5733
931,Munno Para,5115
932,Munno Para Downs,5115
933,Munno Para West,5115
934,Murbko,5320
935,Murdinga,5607
936,Murlong,5642
937,Murputja,872
938,Murray Bridge,5253
939,Murray Bridge East,5253
940,Murray Bridge North,5253
941,Murray Bridge South,5253
942,Murray Town,5481
943,Murtho,5340
944,Muston,5221
945,Mylor,5153
946,Mypolonga,5254
947,Myponga,5202
948,Myponga Beach,5202
949,Myrtle Bank,5064
950,Myrtle Springs,5731
951,Nackara,5440
952,Nadia,5690
953,Naidia,5354
954,Nailsworth,5083
955,Nain,5360
956,Nairne,5252
957,Nalyappa,5558
958,Nangkita,5210
959,Nangwarry,5277
960,Nantawarra,5550
961,Napperby,5540
962,Naracoorte,5271
963,Narridy,5523
964,Narrung,5259
965,Naturi,5259
966,Neales Flat,5374
967,Nectar Brook,5495
968,Nelshaby,5540
969,Nepabunna,5732
970,Nepean Bay,5223
971,Netherby,5064
972,Netherton,5301
973,Netley,5037
974,New Port,5015
975,New Residence,5333
976,New Town,5554
977,New Well,5357
978,Newland,5223
979,Newton,5074
980,Ngapala,5374
981,Ngarkat,5302
982,Nildottie,5238
983,Nilpena,5730
984,Nilpinna Station,5723
985,Ninnes,5560
986,Noarlunga Centre,5168
987,Noarlunga Downs,5168
988,Nonning,5717
989,Nora Creina,5276
990,Normanville,5204
991,North Adelaide,5006
992,North Beach,5556
993,North Brighton,5048
994,North Haven,5018
995,North Moolooloo,5732
996,North Moonta,5558
997,North Plympton,5037
998,North Shields,5607
999,North Yelta,5558
1000,Northern Heights,5253
1001,Northfield,5085
1002,Northgate,5085
1003,Norton Summit,5136
1004,Norwood,5067
1005,Novar Gardens,5040
1006,Nullarbor,5690
1007,Nundroo,5690
1008,Nunjikompita,5680
1009,Nuriootpa,5355
1010,Nurom,5523
1011,Nurragi,5256
1012,Oakbank,5243
1013,Oakden,5086
1014,Oakden Hills,5713
1015,Oaklands Park,5046
1016,Ob Flat,5291
1017,O'Halloran Hill,5158
1018,Olary,5440
1019,Old Calperum,5341
1020,Old Noarlunga,5168
1021,Old Reynella,5161
1022,Olympic Dam,5725
1023,One Tree Hill,5114
1024,Onkaparinga Hills,5163
1025,Oodla Wirra,5422
1026,Oodnadatta,5734
1027,Orroroo,5431
1028,Osborne,5017
1029,O'Sullivan Beach,5166
1030,Ottoway,5013
1031,Oulnina,5440
1032,Outalpa,5440
1033,Outer Harbor,5018
1034,Overland Corner,5330
1035,Ovingham,5082
1036,Owen,5460
1037,Padthaway,5271
1038,Paechtown,5245
1039,Pages Flat,5172
1040,Paisley,5357
1041,Palkagee,5670
1042,Pallamana,5254
1043,Palmer,5237
1044,Pandie Pandie,5733
1045,Pandurra,5715
1046,Panitya,5641
1047,Panorama,5041
1048,Para Hills,5096
1049,Para Hills West,5096
1050,Para Vista,5098
1051,Parachilna,5730
1052,Paracombe,5132
1053,Paradise,5075
1054,Parafield,5106
1055,Parafield Gardens,5107
1056,Paralowie,5108
1057,Paramatta,5558
1058,Paratoo,5422
1059,Parawa,5203
1060,Parham,5501
1061,Parilla,5303
1062,Paringa,5340
1063,Paris Creek,5201
1064,Park Holme,5043
1065,Parkside,5063
1066,Parnaroo,5422
1067,Parndana,5220
1068,Parrakie,5301
1069,Paruna,5311
1070,Pasadena,5042
1071,Paskeville,5552
1072,Pata,5333
1073,Payneham,5070
1074,Payneham South,5070
1075,Peake,5301
1076,Pearlah,5607
1077,Peebinga,5304
1078,Pekina,5431
1079,Pelican Lagoon,5222
1080,Pelican Point,5291
1081,Penfield,5121
1082,Penfield Gardens,5121
1083,Penneshaw,5222
1084,Pennington,5013
1085,Penola,5277
1086,Penong,5690
1087,Penrice,5353
1088,Penwortham,5453
1089,Perlubie,5680
1090,Pernatty,5713
1091,Perponda,5308
1092,Peterborough,5422
1093,Peterhead,5016
1094,Petersville,5571
1095,Petherick,5267
1096,Petina,5680
1097,Petwood,5252
1098,Pewsey Vale,5351
1099,Piccadilly,5151
1100,Piednippie,5680
1101,Pike River,5340
1102,Pimba,5720
1103,Pimbaacla,5661
1104,Pine Creek Station,5440
1105,Pine Hill,5269
1106,Pine Point,5571
1107,Pinery,5460
1108,Pinkerton Plains,5400
1109,Pinks Beach,5275
1110,Pinnaroo,5304
1111,Pipalyatjara,872
1112,Pirie East,5540
1113,Pleasant Park,5277
1114,Plympton,5038
1115,Plympton Park,5038
1116,Point Boston,5607
1117,Point Lowly,5601
1118,Point Pass,5374
1119,Point Pearce,5573
1120,Point Souttar,5577
1121,Point Sturt,5256
1122,Point Turton,5575
1123,Polda,5670
1124,Polish Hill River,5453
1125,Poltalloch,5259
1126,Pompoota,5238
1127,Ponde,5238
1128,Poochera,5655
1129,Pooginagoric,5268
1130,Pooginook,5330
1131,Poonindie,5607
1132,Pooraka,5095
1133,Port Adelaide,5015
1134,Port Arthur,5572
1135,Port Augusta,5700
1136,Port Augusta West,5700
1137,Port Bonython,5600
1138,Port Broughton,5522
1139,Port Clinton,5570
1140,Port Davis,5540
1141,Port Elliot,5212
1142,Port Gawler,5501
1143,Port Germein,5495
1144,Port Hughes,5558
1145,Port Julia,5575
1146,Port Kenny,5671
1147,Port Lincoln,5606
1148,Port Macdonnell,5291
1149,Port Mannum,5238
1150,Port Moorowie,5576
1151,Port Neill,5604
1152,Port Noarlunga,5167
1153,Port Noarlunga South,5167
1154,Port Paterson,5700
1155,Port Pirie,5540
1156,Port Pirie South,5540
1157,Port Pirie West,5540
1158,Port Rickaby,5575
1159,Port Victoria,5573
1160,Port Vincent,5581
1161,Port Wakefield,5550
1162,Port Willunga,5173
1163,Porter Lagoon,5416
1164,Price,5570
1165,Prospect,5082
1166,Prospect Hill,5201
1167,Pukatja,878
1168,Puntabie,5680
1169,Punthari,5238
1170,Punyelroo,5354
1171,Purnong,5238
1172,Purple Downs,5720
1173,Puttapa,5730
1174,Pyap,5333
1175,Pyap West,5333
1176,Pygery,5655
1177,Qualco,5322
1178,Queenstown,5014
1179,Quondong,5417
1180,Quorn,5433
1181,Racecourse Bay,5291
1182,Ramco,5322
1183,Ramco Heights,5322
1184,Ramsay,5575
1185,Rapid Bay,5204
1186,Red Creek,5255
1187,Redbanks,5502
1188,Redhill,5521
1189,Redwood Park,5097
1190,Reedy Creek,5275
1191,Reeves Plains,5502
1192,Regency  Park,5010
1193,Regency Park,5010
1194,Reid,5118
1195,Rendelsham,5280
1196,Renmark,5341
1197,Renmark North,5341
1198,Renmark South,5341
1199,Renmark West,5341
1200,Renown Park,5008
1201,Reynella,5161
1202,Reynella East,5161
1203,Rhynie,5412
1204,Richmond,5033
1205,Ridgehaven,5097
1206,Ridleyton,5008
1207,Risdon Park,5540
1208,Risdon Park South,5540
1209,Riverglades,5253
1210,Riverglen,5253
1211,Riverton,5412
1212,Robe,5276
1213,Robertstown,5381
1214,Rochester,5464
1215,Rockleigh,5254
1216,Rocky Camp,5280
1217,Rocky Gully,5253
1218,Rose Park,5067
1219,Rosedale,5350
1220,Rosetown,5275
1221,Rosewater,5013
1222,Roseworthy,5371
1223,Rosslyn Park,5072
1224,Rostrevor,5073
1225,Rowland Flat,5352
1226,Roxby Downs,5725
1227,Roxby Downs Station,5725
1228,Royal Park,5014
1229,Royston Park,5070
1230,Rudall,5642
1231,Saddleworth,5413
1232,Saints,5461
1233,Salem,5255
1234,Salisbury,5108
1235,Salisbury Downs,5108
1236,Salisbury East,5109
1237,Salisbury Heights,5109
1238,Salisbury North,5108
1239,Salisbury Park,5109
1240,Salisbury Plain,5109
1241,Salisbury South,5106
1242,Salsbury East,5109
1243,Salt Creek,5264
1244,Salter Springs,5401
1245,Saltia,5700
1246,Sampson Flat,5114
1247,Sandalwood,5309
1248,Sandergrove,5255
1249,Sanderston,5237
1250,Sandilands,5571
1251,Sandleton,5356
1252,Sandy Creek,5350
1253,Sandy Grove,5275
1254,Sceale Bay,5680
1255,Scott Creek,5153
1256,Seacliff,5049
1257,Seacliff Park,5049
1258,Seacombe Gardens,5047
1259,Seacombe Heights,5047
1260,Seacombe Sturt,5047
1261,Seaford,5169
1262,Seaford Heights,5169
1263,Seaford Meadows,5169
1264,Seaford Rise,5169
1265,Seal Bay,5223
1266,Seaton,5023
1267,Seaview Downs,5049
1268,Sebastopol,5280
1269,Second Valley,5204
1270,Sedan,5353
1271,Seddon,5223
1272,Sefton Park,5083
1273,Sellicks Beach,5174
1274,Sellicks Hill,5174
1275,Semaphore,5019
1276,Semaphore Park,5019
1277,Semaphore South,5019
1278,Senior,5268
1279,Seppeltsfield,5355
1280,Sevenhill,5453
1281,Shaugh,5267
1282,Shea - Oak Log,5371
1283,Sheaoak Flat,5581
1284,Shea-Oak Log,5371
1285,Sheidow Park,5158
1286,Sheringa,5607
1287,Sherlock,5301
1288,Sherwood,5267
1289,Short,5279
1290,Siam,5717
1291,Silverton,5204
1292,Simpson Desert,5734
1293,Skye,5072
1294,Sleaford,5607
1295,Smithfield,5114
1296,Smithfield Plains,5114
1297,Smoky Bay,5680
1298,Snowtown,5520
1299,Solomon,5641
1300,Solomontown,5540
1301,Somerton Park,5044
1302,South Brighton,5048
1303,South Hummocks,5550
1304,South Kilkerran,5573
1305,South Plympton,5038
1306,Southend,5280
1307,Spalding,5454
1308,Spence,5271
1309,Spring Farm,5453
1310,Spring Gully,5453
1311,Springfield,5062
1312,Springton,5235
1313,Square Mile,5291
1314,St Agnes,5097
1315,St Clair,5011
1316,St Georges,5064
1317,St Ives,5252
1318,St Johns,5373
1319,St Kilda,5110
1320,St Kitts,5356
1321,St Marys,5042
1322,St Morris,5068
1323,St Peters,5069
1324,Stanley,5415
1325,Stanley Flat,5453
1326,Stansbury,5582
1327,Steelton,5413
1328,Steinfeld,5356
1329,Stepney,5069
1330,Stewart Range,5271
1331,Stirling,5152
1332,Stirling North,5710
1333,Stockport,5410
1334,Stockwell,5355
1335,Stockyard Creek,5460
1336,Stockyard Plain,5330
1337,Stokes Bay,5223
1338,Stone Hut,5480
1339,Stone Well,5352
1340,Stonyfell,5066
1341,Strathalbyn,5255
1342,Streaky Bay,5680
1343,Struan,5271
1344,Stuart,5320
1345,Stuarts Creek,5720
1346,Stun'Sail Boom,5223
1347,Sturt,5047
1348,Sturt Vale,5417
1349,Sultana Point,5583
1350,Summertown,5141
1351,Sunlands,5322
1352,Sunnybrae,5422
1353,Sunnydale,5354
1354,Sunnyside,5253
1355,Sunnyvale,5552
1356,Surrey Downs,5126
1357,Sutherlands,5374
1358,Suttontown,5291
1359,Swan Reach,5354
1360,Swanport,5253
1361,Swede Flat,5270
1362,Tailem Bend,5260
1363,Taldra,5311
1364,Talia,5670
1365,Tantanoola,5280
1366,Tanunda,5352
1367,Taperoo,5017
1368,Taplan,5311
1369,Taratap,5275
1370,Tarcoola,5710
1371,Tarcowie,5431
1372,Tarlee,5411
1373,Tarpeena,5277
1374,Tatachilla,5171
1375,Taunton,5235
1376,Taylorville,5330
1377,Tea Tree Gully,5091
1378,Teal Flat,5238
1379,Telowie,5540
1380,Templers,5371
1381,Tennyson,5022
1382,Tepko,5254
1383,Teringie,5072
1384,Terowie,5421
1385,The Gap,5271
1386,The Pines,5575
1387,The Range,5172
1388,Thebarton,5031
1389,Thevenard,5690
1390,Thomas Plain,5554
1391,Thompson Beach,5501
1392,Thorngate,5082
1393,Thornlea,5280
1394,Thrington,5552
1395,Tiatukia,5607
1396,Tickera,5555
1397,Tikalina,5440
1398,Tilley Swamp,5275
1399,Tintinara,5266
1400,Todmorden,5734
1401,Tolderol,5256
1402,Tonsley,5042
1403,Tooligie,5607
1404,Tooperang,5255
1405,Toora,5253
1406,Toorak Gardens,5065
1407,Tootenilla,5607
1408,Torrens Park,5062
1409,Torrens Vale,5203
1410,Torrensville,5031
1411,Tothill Creek,5413
1412,Totness,5250
1413,Towitta,5353
1414,Tranmere,5073
1415,Trihi,5279
1416,Trinity Gardens,5068
1417,Trott Park,5158
1418,Truro,5356
1419,Tulka,5607
1420,Tumby Bay,5605
1421,Tungkillo,5236
1422,Tunkalilla,5203
1423,Tusmore,5065
1424,Two Wells,5501
1425,Ucolta,5422
1426,Uleybury,5114
1427,Ulooloo,5419
1428,Ulyerra,5670
1429,Umuwa,877
1430,Undalya,5451
1431,Underdale,5032
1432,Ungarra,5607
1433,Unley,5061
1434,Unley Park,5061
1435,Upalinna,5434
1436,Upper Hermitage,5131
1437,Upper Sturt,5156
1438,Uraidla,5142
1439,Urania,5573
1440,Urrbrae,5064
1441,Uworra,5690
1442,Vale Park,5081
1443,Valley  View,5092
1444,Valley View,5093
1445,Veitch,5312
1446,Venus Bay,5607
1447,Verdun,5245
1448,Verran,5603
1449,Victor Harbor,5211
1450,Vine Vale,5352
1451,Virginia,5120
1452,Vista,5091
1453,Vivonne Bay,5223
1454,Waddikee,5640
1455,Waikerie,5330
1456,Waitpinga,5211
1457,Walker Flat,5238
1458,Walkerville,5081
1459,Walkley Heights,5098
1460,Wall Flat,5254
1461,Wallala,5661
1462,Wallaroo,5556
1463,Wallaroo Mines,5554
1464,Wallaroo Plain,5556
1465,Walloway,5431
1466,Waltowa,5264
1467,Wami Kata,5700
1468,Wanbi,5310
1469,Wandana,5690
1470,Wandearah East,5523
1471,Wandilo,5291
1472,Wangary,5607
1473,Wangolina,5275
1474,Wanilla,5607
1475,Wappilka,5332
1476,Warburto,5556
1477,Ward Belt,5118
1478,Ward Hill,5522
1479,Warnertown,5540
1480,Warooka,5577
1481,Warradale,5046
1482,Warramboo,5650
1483,Washpool,5454
1484,Wasleys,5400
1485,Watchman,5461
1486,Waterfall Gully,5066
1487,Waterloo,5413
1488,Waterloo Corner,5110
1489,Watervale,5452
1490,Watraba,5690
1491,Wattle Flat,5203
1492,Wattle Park,5066
1493,Wattle Range,5280
1494,Wattle Range East,5279
1495,Wauraltee,5573
1496,Wayville,5034
1497,Weeroona Island,5495
1498,Weetulta,5573
1499,Welbourn Hill,5724
1500,Welland,5007
1501,Wellington,5259
1502,Wellington East,5259
1503,Wepar,5278
1504,Wertaloona,5732
1505,West Beach,5024
1506,West Croydon,5008
1507,West Hindmarsh,5007
1508,West Lakes,5021
1509,West Lakes Shore,5020
1510,West Range,5275
1511,West Richmond,5033
1512,Westall,5680
1513,Westbourne Park,5041
1514,Western Flat,5268
1515,Western River,5223
1516,Westlakes,5021
1517,White Hill,5253
1518,White Hut,5575
1519,White Sands,5253
1520,White Well Corner,5690
1521,Whites Flat,5607
1522,Whites Hill,5254
1523,Whites River,5607
1524,Whites Valley,5172
1525,Whitwarta,5461
1526,Whyalla,5600
1527,Whyalla Barson,5600
1528,Whyalla Jenkins,5609
1529,Whyalla Norrie,5608
1530,Whyalla Playford,5600
1531,Whyalla Stuart,5608
1532,Whyte Yarcowie,5420
1533,Wiawera,5440
1534,Wigley Flat,5357
1535,Wild Dog Valley,5271
1536,Wild Horse Plains,5501
1537,Wilgena,5719
1538,Willalo,5419
1539,Willalooka,5267
1540,Willamulka,5554
1541,Willaston,5118
1542,William Creek,5723
1543,Williamstown,5351
1544,Willochra,5433
1545,Willoughby,5222
1546,Willow Creek,5211
1547,Willow Springs,5434
1548,Willowie,5431
1549,Willunga,5172
1550,Willunga Hill,5172
1551,Willunga South,5172
1552,Willyaroo,5255
1553,Wilmington,5485
1554,Windsor,5501
1555,Windsor Gardens,5087
1556,Wingfield,5013
1557,Winkie,5343
1558,Winnininnie,5440
1559,Winninowie,5700
1560,Wintinna,5723
1561,Winulta,5555
1562,Wirrabara,5481
1563,Wirraminna,5719
1564,Wirrealpa,5730
1565,Wirrega,5267
1566,Wirrina Cove,5204
1567,Wirrulla,5661
1568,Wisanger,5223
1569,Wistow,5251
1570,Witera,5671
1571,Witjira,5734
1572,Wokurna,5520
1573,Wolseley,5269
1574,Wompinie,5440
1575,Wongulla,5238
1576,Wonuarra,5340
1577,Woodchester,5255
1578,Woodcroft,5162
1579,Woodforde,5072
1580,Woodlane,5254
1581,Woodleigh,5311
1582,Woods Point,5253
1583,Woodside,5244
1584,Woodville,5011
1585,Woodville Gardens,5012
1586,Woodville North,5012
1587,Woodville Park,5011
1588,Woodville Park ,5009
1589,Woodville South,5011
1590,Woodville West,5011
1591,Wool Bay,5575
1592,Woolpunda,5330
1593,Wooltana,5732
1594,Woolundunga,5700
1595,Woomera,5720
1596,Worlds End,5381
1597,Worrolong,5291
1598,Wrattonbully,5271
1599,Wudinna,5652
1600,Wunkar,5311
1601,Wye,5291
1602,Wynarka,5306
1603,Wynn Vale,5092
1604,Yacka,5470
1605,Yahl,5291
1606,Yalata,5690
1607,Yallunda Flat,5607
1608,Yamba,5341
1609,Yanerbie,5680
1610,Yaninee,5653
1611,Yankalilla,5203
1612,Yantanabie,5661
1613,Yanyarrie,5432
1614,Yardea,5717
1615,Yarrah,5433
1616,Yatala Vale,5126
1617,Yatina,5493
1618,Yattalunga,5114
1619,Yeelanna,5632
1620,Yellabinna,5690
1621,Yelta,5558
1622,Yongala,5493
1623,Yorke Valley,5573
1624,Yorketown,5576
1625,Younghusband,5238
1626,Yumali,5261
1627,Yundi,5172
1628,Yunta,5440
1629,Yunyarinyi,901
